campaign,set,level,mode,runs,rows,units,metric,point,ci_low,ci_high,run_sd
loso-paima,eval-paima-loso,image,shared,5,16601,437,accuracy,0.86733329317511,0.8527560237091764,0.880321866671004,0.019862917587557455
loso-paima,eval-paima-loso,image,shared,5,16601,437,balanced_accuracy,0.8670717888594398,0.8525045354943787,0.8799588854412284,0.018854029696143266
loso-paima,eval-paima-loso,image,shared,5,16601,437,macro_f1,0.8670422181769757,0.8522643306826835,0.8797881385455768,0.019709674827090153
loso-paima,eval-paima-loso,image,shared,5,16601,437,recall_normal,0.8769158549466024,0.8568471075038748,0.8938895828800987,
loso-paima,eval-paima-loso,image,shared,5,16601,437,recall_amd,0.8572277227722772,0.8357492456060998,0.876384266377911,
loso-paima,eval-paima-loso,image,shared,5,16601,437,macro_auroc,0.9306383094300511,0.9179746332070474,0.9423215097823096,0.006436153420038548
loso-paima,test-duke,image,pooled,5,3231,45,accuracy,0.9603837821108017,0.9354035789942958,0.9821146776876021,0.03301908288868799
loso-paima,test-duke,image,pooled,5,3231,45,balanced_accuracy,0.9574724602344652,0.92928426238115,0.980653328940232,0.03716536543504595
loso-paima,test-duke,image,pooled,5,3231,45,macro_f1,0.9597834422355076,0.9320594017258014,0.9811361402547943,0.036355592777186745
loso-paima,test-duke,image,pooled,5,3231,45,recall_normal,0.984363894811656,0.9613887175098516,0.9979381443298969,
loso-paima,test-duke,image,pooled,5,3231,45,recall_amd,0.9543568464730291,0.8846074380165289,0.9931859796729595,
loso-paima,test-duke,image,pooled,5,3231,45,recall_dme,0.9336966394187103,0.8812327657019142,0.9826460106057244,
loso-paima,test-duke,image,pooled,5,3231,45,macro_auroc,0.9965775426932745,0.9919446984303574,0.999444841100484,0.006371151725398223
loso-paima,test-duke,eye,pooled,5,45,45,accuracy,1.0,1.0,1.0,0.0
loso-paima,test-duke,eye,pooled,5,45,45,balanced_accuracy,1.0,1.0,1.0,0.0
loso-paima,test-duke,eye,pooled,5,45,45,macro_f1,1.0,1.0,1.0,0.0
loso-paima,test-duke,eye,pooled,5,45,45,recall_normal,1.0,1.0,1.0,
loso-paima,test-duke,eye,pooled,5,45,45,recall_amd,1.0,1.0,1.0,
loso-paima,test-duke,eye,pooled,5,45,45,recall_dme,1.0,1.0,1.0,
loso-paima,test-duke,eye,pooled,5,45,45,macro_auroc,1.0,1.0,1.0,0.0
loso-paima,test-kermany,image,shared,5,1000,635,accuracy,0.975,0.9684828962022212,0.9807331988977813,0.014053469322555209
loso-paima,test-kermany,image,shared,5,1000,635,balanced_accuracy,0.9697333333333333,0.9628165029796497,0.9758602080464652,0.018865606566212285
loso-paima,test-kermany,image,shared,5,1000,635,macro_f1,0.9720061595885954,0.9650579902068736,0.9778499810400907,0.017666525167516354
loso-paima,test-kermany,image,shared,5,1000,635,recall_normal,0.9343999999999999,0.9173765072483403,0.9491961040436165,
loso-paima,test-kermany,image,shared,5,1000,635,recall_amd,0.9907999999999999,0.9835558486335398,0.996774193548387,
loso-paima,test-kermany,image,shared,5,1000,635,recall_dme,0.984,0.9752043264653236,0.9918383871767331,
loso-paima,test-kermany,image,shared,5,1000,635,macro_auroc,0.9984816444444444,0.9974814905362782,0.9991643629295426,0.0010413390904189406
loso-paima,test-octdl,image,shared,5,256,99,accuracy,0.97265625,0.9506334023724345,0.9895929985322157,0.0078125
loso-paima,test-octdl,image,shared,5,256,99,balanced_accuracy,0.9664558629776021,0.9364362447106502,0.9880978246092077,0.022515076017075773
loso-paima,test-octdl,image,shared,5,256,99,macro_f1,0.9633225158278022,0.9292530164721411,0.9846276606141593,0.014912834664075546
loso-paima,test-octdl,image,shared,5,256,99,recall_normal,0.9800000000000001,0.9449861111111111,1.0,
loso-paima,test-octdl,image,shared,5,256,99,recall_amd,0.9739130434782609,0.9449081148048731,0.9941860465116278,
loso-paima,test-octdl,image,shared,5,256,99,recall_dme,0.9454545454545455,0.8646791443850269,1.0,
loso-paima,test-octdl,image,shared,5,256,99,macro_auroc,0.9968800889956704,0.9919465143119409,0.9997695714173027,0.0007239556869229425
